orig_text,restored_text
"If we were at the location shown in the picture and wanted to have a picnic, what area would be a suitable spot for us to spread out a picnic blanket?","['If we were at the location shown in the picture and wanted to have a picnic, what area would be a suitable place for us to spread a picnic blanket?']"
Suppose you are going to have a picnic at the location shown in the picture. What area is an appropriate location for laying out a picnic blanket?,['Suppose you are going to have a picnic at the location shown in the picture. In what area is it a suitable place to lay a picnic blanket?']
"If you were at the location shown in the picture and you wanted to have a picnic, which area would be best suited for spreading out a picnic blanket?","['If you were at the location shown in the picture and would like to have a picnic, which area is best suited to spread a picnic blanket?']"
"If we were at the location shown in the picture and desired to have a picnic, where would be a feasible location to lay out a picnic blanket?","['If we were at the location shown in the picture and wished to have a picnic, where would be a feasible place to lay a picnic blanket?']"
Suppose we are currently at the depicted location and are seeking to have a picnic. What would be the best area to spread out a picnic blanket?,['Suppose we are currently on the pictured location and are seeking to have a picnic. What would be the best area to spread a picnic covering?']
"In a modern office, employees often have meetings to discuss work matters. What object in the picture can be used as a surface for employees to place documents or devices during a meeting?","['In a modern office, employees often have meetings to discuss work matters. What object in the picture can be used as a surface for employees to place documents or devices during a meeting?']"
What object in the picture might function as a surface for employees to place documents or devices on while holding a meeting to discuss work matters in a contemporary office setting?,['What object in the picture could serve as a surface on which employees can place documents or devices while holding a meeting to discuss work issues in a contemporary office setting?']
"In a modern office, meetings are frequently held to discuss work-related issues. Which object in the picture could be utilized as a surface to place documents or devices on during such meetings?","['In a modern office, meetings are often held to discuss work-related issues. What object in the picture could be used as a surface to place documents or such devices during such meetings?']"
"In a modern office, what object in the picture could be utilized as a surface during meetings for employees to place documents or devices?","['In a modern office, what object in the picture can be used as a surface during meetings for employees to place documents or devices?']"
"In a modern office, meetings are a common way for employees to discuss work matters. What object can be utilized as a surface for employees to place documents or devices during a meeting, as portrayed in the image?","['In a modern office, meetings are a common means for employees to discuss work matters. What object can be used as a surface for employees to place documents or devices during a meeting, as depicted in the picture?']"
